INSERT INTO PRODUCT (ID, ITEMID, DESCRIPTION, PRICE, QTY) VALUES (1001, 101, 'Banana', 100, 1000)
INSERT INTO PRODUCT (ID, ITEMID, DESCRIPTION, PRICE, QTY) VALUES (1002, 102, 'Peach', 85, 1000)
INSERT INTO PRODUCT (ID, ITEMID, DESCRIPTION, PRICE, QTY) VALUES (1003, 103, 'Apple', 50, 2000)
INSERT INTO PRODUCT (ID, ITEMID, DESCRIPTION, PRICE, QTY) VALUES (1004, 104, 'Orange', 40, 5000)
INSERT INTO PRODUCT (ID, ITEMID, DESCRIPTION, PRICE, QTY) VALUES (1005, 105, 'Mango', 80, 50)
INSERT INTO PRODUCT (ID, ITEMID, DESCRIPTION, PRICE, QTY) VALUES (1006, 106, 'Strawberry', 200,  100)
INSERT INTO PRODUCT_TO_RENT (ID, PRODUCT_ID, PRICE, SOFT_LIMIT, HARD_LIMIT, FINE) VALUES (2001, 1001, 10, 3, 5, 100)
INSERT INTO PRODUCT_TO_RENT (ID, PRODUCT_ID, PRICE, SOFT_LIMIT, HARD_LIMIT, FINE) VALUES (2002, 1002, 10, 3, 5, 100)
INSERT INTO PRODUCT_TO_RENT (ID, PRODUCT_ID, PRICE, SOFT_LIMIT, HARD_LIMIT, FINE) VALUES (2003, 1003, 10, 3, 5, 100)
INSERT INTO PRODUCT_TO_RENT (ID, PRODUCT_ID, PRICE, SOFT_LIMIT, HARD_LIMIT, FINE) VALUES (2004, 1004, 10, 3, 5, 100)
INSERT INTO PRODUCT_TO_RENT (ID, PRODUCT_ID, PRICE, SOFT_LIMIT, HARD_LIMIT, FINE) VALUES (2005, 1005, 10, 3, 5, 100)
INSERT INTO PRODUCT_TO_RENT (ID, PRODUCT_ID, PRICE, SOFT_LIMIT, HARD_LIMIT, FINE) VALUES (2006, 1006, 10, 3, 5, 100)
INSERT INTO RENT (ID, DATE, TOTAL, STATUS, CLIENT_ID) VALUES (3001, '03/01/2018', 20, 'C', 2)
INSERT INTO RENTPRODUCT (ID, PRODUCT_TO_RENT_ID, RENT_ID) VALUES (4001, 2001, 3001)
INSERT INTO RENTPRODUCT (ID, PRODUCT_TO_RENT_ID, RENT_ID) VALUES (4002, 2002, 3001)
INSERT INTO RENT (ID, DATE, TOTAL, STATUS, CLIENT_ID) VALUES (3002, '04/11/2018', 20, 'C', 1)
INSERT INTO RENTPRODUCT (ID, PRODUCT_TO_RENT_ID, RENT_ID) VALUES (4003, 2005, 3002)
INSERT INTO RENTPRODUCT (ID, PRODUCT_TO_RENT_ID, RENT_ID) VALUES (4004, 2006, 3002)
INSERT INTO RENT (ID, DATE, TOTAL, STATUS, CLIENT_ID) VALUES (3003, '04/12/2018', 20, 'C', 3)
INSERT INTO RENTPRODUCT (ID, PRODUCT_TO_RENT_ID, RENT_ID) VALUES (4005, 2004, 3003)
INSERT INTO RENTPRODUCT (ID, PRODUCT_TO_RENT_ID, RENT_ID) VALUES (4006, 2002, 3003)
INSERT INTO RENTPRODUCT (ID, PRODUCT_TO_RENT_ID, RENT_ID) VALUES (4007, 2001, 3003)
INSERT INTO RENTPRODUCT (ID, PRODUCT_TO_RENT_ID, RENT_ID) VALUES (4008, 2005, 3003)